number,category,title,slug,word_count,cta,image
"1","Language Immersion","Why Study Portuguese in Brazil Instead of Only Online","why-study-portuguese-in-brazil","1569","Turn Portuguese from a subject into part of your daily life","/assets/media/blog/why-study-portuguese-in-brazil.svg"
"2","Language Immersion","How Daily Life Turns Portuguese Into a Living Language","daily-life-living-portuguese-language","1558","Explore a programme built around real communication","/assets/media/blog/daily-life-living-portuguese-language.svg"
"3","Language Immersion","From Beginner to Independent: A Realistic Language Journey in Brazil","beginner-to-independent-portuguese-journey","1553","See the 40-week academic pathway","/assets/media/blog/beginner-to-independent-portuguese-journey.svg"
"4","Language Immersion","Brazilian Portuguese: Listening Beyond the Textbook","brazilian-portuguese-listening-beyond-textbook","1551","Build stronger listening in Brazil","/assets/media/blog/brazilian-portuguese-listening-beyond-textbook.svg"
"5","Language Immersion","Learning Portuguese Through Culture, Community and Conversation","learning-portuguese-culture-community-conversation","1528","Design your language-and-culture experience","/assets/media/blog/learning-portuguese-culture-community-conversation.svg"
"6","Student Life in Brazil","What a 15-Hour Language Study Week in Brazil Can Feel Like","15-hour-language-study-week-brazil","1570","View the complete weekly programme","/assets/media/blog/15-hour-language-study-week-brazil.svg"
"7","Student Life in Brazil","How to Build a Balanced Student Routine in Brazil","balanced-student-routine-brazil","1556","Plan your study period with Ashlyn","/assets/media/blog/balanced-student-routine-brazil.svg"
"8","Student Life in Brazil","Preparing Emotionally and Practically for Study Abroad in Brazil","prepare-study-abroad-brazil","1578","Start preparing for your Brazil chapter","/assets/media/blog/prepare-study-abroad-brazil.svg"
"9","Student Life in Brazil","Making Friends and Building Community as an International Student","making-friends-community-student-brazil","1548","Study Portuguese for real connection","/assets/media/blog/making-friends-community-student-brazil.svg"
"10","Student Life in Brazil","How Homework Becomes Exploration in a Brazil Language Programme","homework-exploration-brazil-language-programme","1557","Discover culture-based homework","/assets/media/blog/homework-exploration-brazil-language-programme.svg"
"11","Culture & Identity","Understanding Brazil’s Cultural Diversity Before You Arrive","understanding-brazil-cultural-diversity","1523","Prepare for Brazil with cultural intelligence","/assets/media/blog/understanding-brazil-cultural-diversity.svg"
"12","Culture & Identity","The Brazilian Art of Conversation and Social Connection","brazilian-conversation-social-connection","1532","Learn the language of connection","/assets/media/blog/brazilian-conversation-social-connection.svg"
"13","Culture & Identity","Regional Identity in Brazil: Why One Country Feels Like Many","regional-identity-brazil","1556","Explore Brazil region by region","/assets/media/blog/regional-identity-brazil.svg"
"14","Culture & Identity","Respectful Cultural Adaptation Without Losing Yourself","respectful-cultural-adaptation-brazil","1583","Build confidence without losing yourself","/assets/media/blog/respectful-cultural-adaptation-brazil.svg"
"15","Culture & Identity","What Everyday Brazilian Hospitality Can Teach a Language Student","brazilian-hospitality-language-student","1550","Study for participation, not observation","/assets/media/blog/brazilian-hospitality-language-student.svg"
"16","Cities & Regions","Why Londrina Is a Meaningful Place to Study and Live","why-study-live-londrina-brazil","1551","Discover student life in Londrina","/assets/media/blog/why-study-live-londrina-brazil.svg"
"17","Cities & Regions","Discovering Paraná Beyond the Usual Brazil Itinerary","discover-parana-beyond-usual-itinerary","1544","Make Paraná part of your study story","/assets/media/blog/discover-parana-beyond-usual-itinerary.svg"
"18","Cities & Regions","Studying Portuguese in Southern Brazil","studying-portuguese-southern-brazil","1522","Choose a programme rooted in real Brazil","/assets/media/blog/studying-portuguese-southern-brazil.svg"
"19","Cities & Regions","How to Choose a Brazilian City for Language Immersion","choose-brazilian-city-language-immersion","1584","Discuss the right study setting for you","/assets/media/blog/choose-brazilian-city-language-immersion.svg"
"20","Cities & Regions","From Big Cities to Interior Life: Finding Your Brazil","big-cities-interior-life-brazil","1559","Find the Brazil experience that fits","/assets/media/blog/big-cities-interior-life-brazil.svg"
"21","Food & Everyday Life","Learning Portuguese at the Supermarket, Bakery and Street Market","portuguese-supermarket-bakery-street-market","1536","Practise Portuguese for everyday life","/assets/media/blog/portuguese-supermarket-bakery-street-market.svg"
"22","Food & Everyday Life","Brazilian Food as a Doorway to Language and Belonging","brazilian-food-language-belonging","1551","Taste, talk and learn in Brazil","/assets/media/blog/brazilian-food-language-belonging.svg"
"23","Food & Everyday Life","Coffee Culture in Paraná and the Language of Everyday Encounters","parana-coffee-culture-language","1531","Bring coffee culture into your classes","/assets/media/blog/parana-coffee-culture-language.svg"
"24","Food & Everyday Life","Eating Like a Local: Menus, Markets and Regional Flavours","eating-local-brazil-menus-markets","1524","Learn the Portuguese behind the menu","/assets/media/blog/eating-local-brazil-menus-markets.svg"
"25","Food & Everyday Life","Practical Portuguese for Housing, Transport and Daily Errands","practical-portuguese-housing-transport-errands","1523","Prepare for practical life in Brazil","/assets/media/blog/practical-portuguese-housing-transport-errands.svg"
"26","History & Heritage","A Student’s Introduction to the History of Brazil","student-introduction-history-brazil","1539","Study Portuguese with historical context","/assets/media/blog/student-introduction-history-brazil.svg"
"27","History & Heritage","Indigenous, African and European Influences in Brazilian Culture","indigenous-african-european-influences-brazil","1546","Learn culture with respect and depth","/assets/media/blog/indigenous-african-european-influences-brazil.svg"
"28","History & Heritage","How Migration Shaped Modern Brazil","migration-shaped-modern-brazil","1529","Connect language with people’s journeys","/assets/media/blog/migration-shaped-modern-brazil.svg"
"29","History & Heritage","Learning Portuguese Through Museums, Memory and Heritage","portuguese-museums-memory-heritage","1539","Turn a museum visit into a lesson","/assets/media/blog/portuguese-museums-memory-heritage.svg"
"30","History & Heritage","Historic Cities and Cultural Landscapes Worth Studying","historic-cities-cultural-landscapes-brazil","1521","Plan a culture-led Brazil experience","/assets/media/blog/historic-cities-cultural-landscapes-brazil.svg"
"31","Nature & Geography","Brazil’s Five Regions: A Geography Lesson You Can Live","brazil-five-regions-geography","1542","Explore Brazil through all five regions","/assets/media/blog/brazil-five-regions-geography.svg"
"32","Nature & Geography","Studying Language Through Brazil’s Landscapes and Climate","language-brazil-landscapes-climate","1584","Study Portuguese in the world around you","/assets/media/blog/language-brazil-landscapes-climate.svg"
"33","Nature & Geography","The Atlantic Forest, Parks and Environmental Learning","atlantic-forest-parks-environmental-learning","1554","Add environmental culture to your programme","/assets/media/blog/atlantic-forest-parks-environmental-learning.svg"
"34","Nature & Geography","Rivers, Coastlines and the Geography of Brazilian Life","rivers-coastlines-geography-brazil","1551","Discover the geography behind Brazilian life","/assets/media/blog/rivers-coastlines-geography-brazil.svg"
"35","Nature & Geography","How Nature Activities Can Become Language Homework","nature-activities-language-homework-brazil","1536","Learn beyond the classroom walls","/assets/media/blog/nature-activities-language-homework-brazil.svg"
"36","Practical Integration","Portuguese for Pharmacies, Clinics and Health Appointments","portuguese-pharmacies-clinics-health-appointments","1521","Prepare your health-communication Portuguese","/assets/media/blog/portuguese-pharmacies-clinics-health-appointments.svg"
"37","Practical Integration","Language for Emergencies: Building Calm and Confidence in Brazil","language-emergencies-brazil","1564","Learn the phrases that matter in urgent moments","/assets/media/blog/language-emergencies-brazil.svg"
"38","Practical Integration","Opening Your Life in Brazil: Documents, Services and Daily Systems","documents-services-daily-systems-brazil","1565","Build practical independence step by step","/assets/media/blog/documents-services-daily-systems-brazil.svg"
"39","Practical Integration","How to Ask for Help and Solve Problems in Portuguese","ask-for-help-solve-problems-portuguese","1563","Practise confident problem-solving","/assets/media/blog/ask-for-help-solve-problems-portuguese.svg"
"40","Practical Integration","Building Independence During Your First Months in Brazil","independence-first-months-brazil","1555","Plan your first months with support","/assets/media/blog/independence-first-months-brazil.svg"
"41","Festivals, Music & Arts","Carnival Beyond the Stereotypes: History, Music and Community","carnival-history-music-community-brazil","1556","Prepare for Carnival as a cultural learner","/assets/media/blog/carnival-history-music-community-brazil.svg"
"42","Festivals, Music & Arts","Festa Junina: Language, Food and Tradition in Brazil","festa-junina-language-food-tradition","1556","Make Brazilian traditions part of your study","/assets/media/blog/festa-junina-language-food-tradition.svg"
"43","Festivals, Music & Arts","Learning Portuguese Through Brazilian Music","learning-portuguese-brazilian-music","1520","Bring Brazilian music into your learning plan","/assets/media/blog/learning-portuguese-brazilian-music.svg"
"44","Festivals, Music & Arts","Film, Literature and Art as Windows into Brazilian Life","brazilian-film-literature-art-language-study","1555","Study Brazil through its storytellers","/assets/media/blog/brazilian-film-literature-art-language-study.svg"
"45","Festivals, Music & Arts","Cultural Events as a Classroom: How Students Learn by Participating","cultural-events-classroom-brazil","1531","Create your cultural-learning plan","/assets/media/blog/cultural-events-classroom-brazil.svg"
"46","Future & Personal Growth","What Living in Brazil Can Teach You About Adaptability","living-brazil-adaptability","1552","Build adaptability through language","/assets/media/blog/living-brazil-adaptability.svg"
"47","Future & Personal Growth","Studying Languages as an Investment in Your Future","language-study-investment-future","1541","Calculate your study investment","/assets/media/blog/language-study-investment-future.svg"
"48","Future & Personal Growth","How a Year in Brazil Can Change the Way You See the World","year-in-brazil-worldview","1555","Explore the complete 40-week journey","/assets/media/blog/year-in-brazil-worldview.svg"
"49","Future & Personal Growth","Becoming Part of a Community Through Language","community-belonging-through-language","1536","Study for connection and belonging","/assets/media/blog/community-belonging-through-language.svg"
"50","Future & Personal Growth","Your Brazil Chapter: From First Enquiry to Confident Participation","brazil-chapter-enquiry-confident-participation","1538","Begin your Brazil study chapter","/assets/media/blog/brazil-chapter-enquiry-confident-participation.svg"
