Page or article,Image subject,Filename,Source or licence,Use
Website heroes,Atlantic Forest,assets/media/heroes/brazil-atlantic-forest.svg,Original ASH-TRA vector artwork created for this website,Hero background
Website heroes,Beach Dunes,assets/media/heroes/brazil-beach-dunes.svg,Original ASH-TRA vector artwork created for this website,Hero background
Website heroes,Botanical Garden,assets/media/heroes/brazil-botanical-garden.svg,Original ASH-TRA vector artwork created for this website,Hero background
Website heroes,City Park,assets/media/heroes/brazil-city-park.svg,Original ASH-TRA vector artwork created for this website,Hero background
Website heroes,Coastal City,assets/media/heroes/brazil-coastal-city.svg,Original ASH-TRA vector artwork created for this website,Hero background
Website heroes,Coffee Landscape,assets/media/heroes/brazil-coffee-landscape.svg,Original ASH-TRA vector artwork created for this website,Hero background
Website heroes,Colonial Square,assets/media/heroes/brazil-colonial-square.svg,Original ASH-TRA vector artwork created for this website,Hero background
Website heroes,Colourful Houses,assets/media/heroes/brazil-colourful-houses.svg,Original ASH-TRA vector artwork created for this website,Hero background
Website heroes,Historic Street,assets/media/heroes/brazil-historic-street.svg,Original ASH-TRA vector artwork created for this website,Hero background
Website heroes,Library,assets/media/heroes/brazil-library.svg,Original ASH-TRA vector artwork created for this website,Hero background
Website heroes,Market,assets/media/heroes/brazil-market.svg,Original ASH-TRA vector artwork created for this website,Hero background
Website heroes,Modern Architecture,assets/media/heroes/brazil-modern-architecture.svg,Original ASH-TRA vector artwork created for this website,Hero background
Website heroes,Mountain Road,assets/media/heroes/brazil-mountain-road.svg,Original ASH-TRA vector artwork created for this website,Hero background
Website heroes,Music Evening,assets/media/heroes/brazil-music-evening.svg,Original ASH-TRA vector artwork created for this website,Hero background
Website heroes,Ocean Cliffs,assets/media/heroes/brazil-ocean-cliffs.svg,Original ASH-TRA vector artwork created for this website,Hero background
Website heroes,Parana Lake,assets/media/heroes/brazil-parana-lake.svg,Original ASH-TRA vector artwork created for this website,Hero background
Website heroes,Rainforest River,assets/media/heroes/brazil-rainforest-river.svg,Original ASH-TRA vector artwork created for this website,Hero background
Website heroes,River Sunset,assets/media/heroes/brazil-river-sunset.svg,Original ASH-TRA vector artwork created for this website,Hero background
Website heroes,Street Food,assets/media/heroes/brazil-street-food.svg,Original ASH-TRA vector artwork created for this website,Hero background
Website heroes,Student Cafe,assets/media/heroes/brazil-student-cafe.svg,Original ASH-TRA vector artwork created for this website,Hero background
Website heroes,Urban Cycle,assets/media/heroes/brazil-urban-cycle.svg,Original ASH-TRA vector artwork created for this website,Hero background
Website heroes,Waterfall,assets/media/heroes/brazil-waterfall.svg,Original ASH-TRA vector artwork created for this website,Hero background
Website image strips,Brazil Detail 01 Coastal City,assets/media/strips/brazil-detail-01-coastal-city.svg,Original ASH-TRA vector artwork created for this website,Supporting image strip
Website image strips,Brazil Detail 02 Historic Street,assets/media/strips/brazil-detail-02-historic-street.svg,Original ASH-TRA vector artwork created for this website,Supporting image strip
Website image strips,Brazil Detail 03 Waterfall,assets/media/strips/brazil-detail-03-waterfall.svg,Original ASH-TRA vector artwork created for this website,Supporting image strip
Website image strips,Brazil Detail 04 Coffee Landscape,assets/media/strips/brazil-detail-04-coffee-landscape.svg,Original ASH-TRA vector artwork created for this website,Supporting image strip
Website image strips,Brazil Detail 05 Market,assets/media/strips/brazil-detail-05-market.svg,Original ASH-TRA vector artwork created for this website,Supporting image strip
Website image strips,Brazil Detail 06 Student Cafe,assets/media/strips/brazil-detail-06-student-cafe.svg,Original ASH-TRA vector artwork created for this website,Supporting image strip
Website image strips,Brazil Detail 07 Modern Architecture,assets/media/strips/brazil-detail-07-modern-architecture.svg,Original ASH-TRA vector artwork created for this website,Supporting image strip
Website image strips,Brazil Detail 08 Atlantic Forest,assets/media/strips/brazil-detail-08-atlantic-forest.svg,Original ASH-TRA vector artwork created for this website,Supporting image strip
Website image strips,Brazil Detail 09 Beach Dunes,assets/media/strips/brazil-detail-09-beach-dunes.svg,Original ASH-TRA vector artwork created for this website,Supporting image strip
Website image strips,Brazil Detail 10 Music Evening,assets/media/strips/brazil-detail-10-music-evening.svg,Original ASH-TRA vector artwork created for this website,Supporting image strip
Website image strips,Brazil Detail 11 Parana Lake,assets/media/strips/brazil-detail-11-parana-lake.svg,Original ASH-TRA vector artwork created for this website,Supporting image strip
Website image strips,Brazil Detail 12 Mountain Road,assets/media/strips/brazil-detail-12-mountain-road.svg,Original ASH-TRA vector artwork created for this website,Supporting image strip
Website image strips,Brazil Detail 13 Colourful Houses,assets/media/strips/brazil-detail-13-colourful-houses.svg,Original ASH-TRA vector artwork created for this website,Supporting image strip
Website image strips,Brazil Detail 14 City Park,assets/media/strips/brazil-detail-14-city-park.svg,Original ASH-TRA vector artwork created for this website,Supporting image strip
Website image strips,Brazil Detail 15 River Sunset,assets/media/strips/brazil-detail-15-river-sunset.svg,Original ASH-TRA vector artwork created for this website,Supporting image strip
Website image strips,Brazil Detail 16 Library,assets/media/strips/brazil-detail-16-library.svg,Original ASH-TRA vector artwork created for this website,Supporting image strip
Website image strips,Brazil Detail 17 Street Food,assets/media/strips/brazil-detail-17-street-food.svg,Original ASH-TRA vector artwork created for this website,Supporting image strip
Website image strips,Brazil Detail 18 Botanical Garden,assets/media/strips/brazil-detail-18-botanical-garden.svg,Original ASH-TRA vector artwork created for this website,Supporting image strip
Website image strips,Brazil Detail 19 Rainforest River,assets/media/strips/brazil-detail-19-rainforest-river.svg,Original ASH-TRA vector artwork created for this website,Supporting image strip
Website image strips,Brazil Detail 20 Colonial Square,assets/media/strips/brazil-detail-20-colonial-square.svg,Original ASH-TRA vector artwork created for this website,Supporting image strip
Website image strips,Brazil Detail 21 Urban Cycle,assets/media/strips/brazil-detail-21-urban-cycle.svg,Original ASH-TRA vector artwork created for this website,Supporting image strip
Website image strips,Brazil Detail 22 Ocean Cliffs,assets/media/strips/brazil-detail-22-ocean-cliffs.svg,Original ASH-TRA vector artwork created for this website,Supporting image strip
Website image strips,Brazil Detail 23 Coastal City,assets/media/strips/brazil-detail-23-coastal-city.svg,Original ASH-TRA vector artwork created for this website,Supporting image strip
Website image strips,Brazil Detail 24 Historic Street,assets/media/strips/brazil-detail-24-historic-street.svg,Original ASH-TRA vector artwork created for this website,Supporting image strip
Website image strips,Brazil Detail 25 Waterfall,assets/media/strips/brazil-detail-25-waterfall.svg,Original ASH-TRA vector artwork created for this website,Supporting image strip
Website image strips,Brazil Detail 26 Coffee Landscape,assets/media/strips/brazil-detail-26-coffee-landscape.svg,Original ASH-TRA vector artwork created for this website,Supporting image strip
Website image strips,Brazil Detail 27 Market,assets/media/strips/brazil-detail-27-market.svg,Original ASH-TRA vector artwork created for this website,Supporting image strip
Website image strips,Brazil Detail 28 Student Cafe,assets/media/strips/brazil-detail-28-student-cafe.svg,Original ASH-TRA vector artwork created for this website,Supporting image strip
Website image strips,Brazil Detail 29 Modern Architecture,assets/media/strips/brazil-detail-29-modern-architecture.svg,Original ASH-TRA vector artwork created for this website,Supporting image strip
Website image strips,Brazil Detail 30 Atlantic Forest,assets/media/strips/brazil-detail-30-atlantic-forest.svg,Original ASH-TRA vector artwork created for this website,Supporting image strip
Website image strips,Brazil Detail 31 Beach Dunes,assets/media/strips/brazil-detail-31-beach-dunes.svg,Original ASH-TRA vector artwork created for this website,Supporting image strip
Website image strips,Brazil Detail 32 Music Evening,assets/media/strips/brazil-detail-32-music-evening.svg,Original ASH-TRA vector artwork created for this website,Supporting image strip
Website image strips,Brazil Detail 33 Parana Lake,assets/media/strips/brazil-detail-33-parana-lake.svg,Original ASH-TRA vector artwork created for this website,Supporting image strip
Website image strips,Brazil Detail 34 Mountain Road,assets/media/strips/brazil-detail-34-mountain-road.svg,Original ASH-TRA vector artwork created for this website,Supporting image strip
Website image strips,Brazil Detail 35 Colourful Houses,assets/media/strips/brazil-detail-35-colourful-houses.svg,Original ASH-TRA vector artwork created for this website,Supporting image strip
Website image strips,Brazil Detail 36 City Park,assets/media/strips/brazil-detail-36-city-park.svg,Original ASH-TRA vector artwork created for this website,Supporting image strip
Website image strips,Brazil Detail 37 River Sunset,assets/media/strips/brazil-detail-37-river-sunset.svg,Original ASH-TRA vector artwork created for this website,Supporting image strip
Website image strips,Brazil Detail 38 Library,assets/media/strips/brazil-detail-38-library.svg,Original ASH-TRA vector artwork created for this website,Supporting image strip
Website image strips,Brazil Detail 39 Street Food,assets/media/strips/brazil-detail-39-street-food.svg,Original ASH-TRA vector artwork created for this website,Supporting image strip
Website image strips,Brazil Detail 40 Botanical Garden,assets/media/strips/brazil-detail-40-botanical-garden.svg,Original ASH-TRA vector artwork created for this website,Supporting image strip
Website image strips,Brazil Detail 41 Rainforest River,assets/media/strips/brazil-detail-41-rainforest-river.svg,Original ASH-TRA vector artwork created for this website,Supporting image strip
Website image strips,Brazil Detail 42 Colonial Square,assets/media/strips/brazil-detail-42-colonial-square.svg,Original ASH-TRA vector artwork created for this website,Supporting image strip
Website image strips,Brazil Detail 43 Urban Cycle,assets/media/strips/brazil-detail-43-urban-cycle.svg,Original ASH-TRA vector artwork created for this website,Supporting image strip
Website image strips,Brazil Detail 44 Ocean Cliffs,assets/media/strips/brazil-detail-44-ocean-cliffs.svg,Original ASH-TRA vector artwork created for this website,Supporting image strip
Website image strips,Brazil Detail 45 Coastal City,assets/media/strips/brazil-detail-45-coastal-city.svg,Original ASH-TRA vector artwork created for this website,Supporting image strip
Website image strips,Brazil Detail 46 Historic Street,assets/media/strips/brazil-detail-46-historic-street.svg,Original ASH-TRA vector artwork created for this website,Supporting image strip
Website image strips,Brazil Detail 47 Waterfall,assets/media/strips/brazil-detail-47-waterfall.svg,Original ASH-TRA vector artwork created for this website,Supporting image strip
Website image strips,Brazil Detail 48 Coffee Landscape,assets/media/strips/brazil-detail-48-coffee-landscape.svg,Original ASH-TRA vector artwork created for this website,Supporting image strip
Website image strips,Brazil Detail 49 Market,assets/media/strips/brazil-detail-49-market.svg,Original ASH-TRA vector artwork created for this website,Supporting image strip
Website image strips,Brazil Detail 50 Student Cafe,assets/media/strips/brazil-detail-50-student-cafe.svg,Original ASH-TRA vector artwork created for this website,Supporting image strip
Website image strips,Brazil Detail 51 Modern Architecture,assets/media/strips/brazil-detail-51-modern-architecture.svg,Original ASH-TRA vector artwork created for this website,Supporting image strip
Website image strips,Brazil Detail 52 Atlantic Forest,assets/media/strips/brazil-detail-52-atlantic-forest.svg,Original ASH-TRA vector artwork created for this website,Supporting image strip
Website image strips,Brazil Detail 53 Beach Dunes,assets/media/strips/brazil-detail-53-beach-dunes.svg,Original ASH-TRA vector artwork created for this website,Supporting image strip
Website image strips,Brazil Detail 54 Music Evening,assets/media/strips/brazil-detail-54-music-evening.svg,Original ASH-TRA vector artwork created for this website,Supporting image strip
Website image strips,Brazil Detail 55 Parana Lake,assets/media/strips/brazil-detail-55-parana-lake.svg,Original ASH-TRA vector artwork created for this website,Supporting image strip
Website image strips,Brazil Detail 56 Mountain Road,assets/media/strips/brazil-detail-56-mountain-road.svg,Original ASH-TRA vector artwork created for this website,Supporting image strip
Website image strips,Brazil Detail 57 Colourful Houses,assets/media/strips/brazil-detail-57-colourful-houses.svg,Original ASH-TRA vector artwork created for this website,Supporting image strip
Website image strips,Brazil Detail 58 City Park,assets/media/strips/brazil-detail-58-city-park.svg,Original ASH-TRA vector artwork created for this website,Supporting image strip
Website image strips,Brazil Detail 59 River Sunset,assets/media/strips/brazil-detail-59-river-sunset.svg,Original ASH-TRA vector artwork created for this website,Supporting image strip
Website image strips,Brazil Detail 60 Library,assets/media/strips/brazil-detail-60-library.svg,Original ASH-TRA vector artwork created for this website,Supporting image strip
Website image strips,Brazil Detail 61 Street Food,assets/media/strips/brazil-detail-61-street-food.svg,Original ASH-TRA vector artwork created for this website,Supporting image strip
Website image strips,Brazil Detail 62 Botanical Garden,assets/media/strips/brazil-detail-62-botanical-garden.svg,Original ASH-TRA vector artwork created for this website,Supporting image strip
Website image strips,Brazil Detail 63 Rainforest River,assets/media/strips/brazil-detail-63-rainforest-river.svg,Original ASH-TRA vector artwork created for this website,Supporting image strip
Website image strips,Brazil Detail 64 Colonial Square,assets/media/strips/brazil-detail-64-colonial-square.svg,Original ASH-TRA vector artwork created for this website,Supporting image strip
Website image strips,Brazil Detail 65 Urban Cycle,assets/media/strips/brazil-detail-65-urban-cycle.svg,Original ASH-TRA vector artwork created for this website,Supporting image strip
Website image strips,Brazil Detail 66 Ocean Cliffs,assets/media/strips/brazil-detail-66-ocean-cliffs.svg,Original ASH-TRA vector artwork created for this website,Supporting image strip
Website image strips,Brazil Detail 67 Coastal City,assets/media/strips/brazil-detail-67-coastal-city.svg,Original ASH-TRA vector artwork created for this website,Supporting image strip
Website image strips,Brazil Detail 68 Historic Street,assets/media/strips/brazil-detail-68-historic-street.svg,Original ASH-TRA vector artwork created for this website,Supporting image strip
Website image strips,Brazil Detail 69 Waterfall,assets/media/strips/brazil-detail-69-waterfall.svg,Original ASH-TRA vector artwork created for this website,Supporting image strip
Website image strips,Brazil Detail 70 Coffee Landscape,assets/media/strips/brazil-detail-70-coffee-landscape.svg,Original ASH-TRA vector artwork created for this website,Supporting image strip
Website image strips,Brazil Detail 71 Market,assets/media/strips/brazil-detail-71-market.svg,Original ASH-TRA vector artwork created for this website,Supporting image strip
Website image strips,Brazil Detail 72 Student Cafe,assets/media/strips/brazil-detail-72-student-cafe.svg,Original ASH-TRA vector artwork created for this website,Supporting image strip
Blog article,15 Hour Language Study Week Brazil,assets/media/blog/15-hour-language-study-week-brazil.svg,Original ASH-TRA vector artwork created for this website,Article hero
Blog article,Ask For Help Solve Problems Portuguese,assets/media/blog/ask-for-help-solve-problems-portuguese.svg,Original ASH-TRA vector artwork created for this website,Article hero
Blog article,Atlantic Forest Parks Environmental Learning,assets/media/blog/atlantic-forest-parks-environmental-learning.svg,Original ASH-TRA vector artwork created for this website,Article hero
Blog article,Balanced Student Routine Brazil,assets/media/blog/balanced-student-routine-brazil.svg,Original ASH-TRA vector artwork created for this website,Article hero
Blog article,Beginner To Independent Portuguese Journey,assets/media/blog/beginner-to-independent-portuguese-journey.svg,Original ASH-TRA vector artwork created for this website,Article hero
Blog article,Big Cities Interior Life Brazil,assets/media/blog/big-cities-interior-life-brazil.svg,Original ASH-TRA vector artwork created for this website,Article hero
Blog article,Brazil Chapter Enquiry Confident Participation,assets/media/blog/brazil-chapter-enquiry-confident-participation.svg,Original ASH-TRA vector artwork created for this website,Article hero
Blog article,Brazil Five Regions Geography,assets/media/blog/brazil-five-regions-geography.svg,Original ASH-TRA vector artwork created for this website,Article hero
Blog article,Brazilian Conversation Social Connection,assets/media/blog/brazilian-conversation-social-connection.svg,Original ASH-TRA vector artwork created for this website,Article hero
Blog article,Brazilian Film Literature Art Language Study,assets/media/blog/brazilian-film-literature-art-language-study.svg,Original ASH-TRA vector artwork created for this website,Article hero
Blog article,Brazilian Food Language Belonging,assets/media/blog/brazilian-food-language-belonging.svg,Original ASH-TRA vector artwork created for this website,Article hero
Blog article,Brazilian Hospitality Language Student,assets/media/blog/brazilian-hospitality-language-student.svg,Original ASH-TRA vector artwork created for this website,Article hero
Blog article,Brazilian Portuguese Listening Beyond Textbook,assets/media/blog/brazilian-portuguese-listening-beyond-textbook.svg,Original ASH-TRA vector artwork created for this website,Article hero
Blog article,Carnival History Music Community Brazil,assets/media/blog/carnival-history-music-community-brazil.svg,Original ASH-TRA vector artwork created for this website,Article hero
Blog article,Choose Brazilian City Language Immersion,assets/media/blog/choose-brazilian-city-language-immersion.svg,Original ASH-TRA vector artwork created for this website,Article hero
Blog article,Community Belonging Through Language,assets/media/blog/community-belonging-through-language.svg,Original ASH-TRA vector artwork created for this website,Article hero
Blog article,Cultural Events Classroom Brazil,assets/media/blog/cultural-events-classroom-brazil.svg,Original ASH-TRA vector artwork created for this website,Article hero
Blog article,Daily Life Living Portuguese Language,assets/media/blog/daily-life-living-portuguese-language.svg,Original ASH-TRA vector artwork created for this website,Article hero
Blog article,Discover Parana Beyond Usual Itinerary,assets/media/blog/discover-parana-beyond-usual-itinerary.svg,Original ASH-TRA vector artwork created for this website,Article hero
Blog article,Documents Services Daily Systems Brazil,assets/media/blog/documents-services-daily-systems-brazil.svg,Original ASH-TRA vector artwork created for this website,Article hero
Blog article,Eating Local Brazil Menus Markets,assets/media/blog/eating-local-brazil-menus-markets.svg,Original ASH-TRA vector artwork created for this website,Article hero
Blog article,Festa Junina Language Food Tradition,assets/media/blog/festa-junina-language-food-tradition.svg,Original ASH-TRA vector artwork created for this website,Article hero
Blog article,Historic Cities Cultural Landscapes Brazil,assets/media/blog/historic-cities-cultural-landscapes-brazil.svg,Original ASH-TRA vector artwork created for this website,Article hero
Blog article,Homework Exploration Brazil Language Programme,assets/media/blog/homework-exploration-brazil-language-programme.svg,Original ASH-TRA vector artwork created for this website,Article hero
Blog article,Independence First Months Brazil,assets/media/blog/independence-first-months-brazil.svg,Original ASH-TRA vector artwork created for this website,Article hero
Blog article,Indigenous African European Influences Brazil,assets/media/blog/indigenous-african-european-influences-brazil.svg,Original ASH-TRA vector artwork created for this website,Article hero
Blog article,Language Brazil Landscapes Climate,assets/media/blog/language-brazil-landscapes-climate.svg,Original ASH-TRA vector artwork created for this website,Article hero
Blog article,Language Emergencies Brazil,assets/media/blog/language-emergencies-brazil.svg,Original ASH-TRA vector artwork created for this website,Article hero
Blog article,Language Study Investment Future,assets/media/blog/language-study-investment-future.svg,Original ASH-TRA vector artwork created for this website,Article hero
Blog article,Learning Portuguese Brazilian Music,assets/media/blog/learning-portuguese-brazilian-music.svg,Original ASH-TRA vector artwork created for this website,Article hero
Blog article,Learning Portuguese Culture Community Conversation,assets/media/blog/learning-portuguese-culture-community-conversation.svg,Original ASH-TRA vector artwork created for this website,Article hero
Blog article,Living Brazil Adaptability,assets/media/blog/living-brazil-adaptability.svg,Original ASH-TRA vector artwork created for this website,Article hero
Blog article,Making Friends Community Student Brazil,assets/media/blog/making-friends-community-student-brazil.svg,Original ASH-TRA vector artwork created for this website,Article hero
Blog article,Migration Shaped Modern Brazil,assets/media/blog/migration-shaped-modern-brazil.svg,Original ASH-TRA vector artwork created for this website,Article hero
Blog article,Nature Activities Language Homework Brazil,assets/media/blog/nature-activities-language-homework-brazil.svg,Original ASH-TRA vector artwork created for this website,Article hero
Blog article,Parana Coffee Culture Language,assets/media/blog/parana-coffee-culture-language.svg,Original ASH-TRA vector artwork created for this website,Article hero
Blog article,Portuguese Museums Memory Heritage,assets/media/blog/portuguese-museums-memory-heritage.svg,Original ASH-TRA vector artwork created for this website,Article hero
Blog article,Portuguese Pharmacies Clinics Health Appointments,assets/media/blog/portuguese-pharmacies-clinics-health-appointments.svg,Original ASH-TRA vector artwork created for this website,Article hero
Blog article,Portuguese Supermarket Bakery Street Market,assets/media/blog/portuguese-supermarket-bakery-street-market.svg,Original ASH-TRA vector artwork created for this website,Article hero
Blog article,Practical Portuguese Housing Transport Errands,assets/media/blog/practical-portuguese-housing-transport-errands.svg,Original ASH-TRA vector artwork created for this website,Article hero
Blog article,Prepare Study Abroad Brazil,assets/media/blog/prepare-study-abroad-brazil.svg,Original ASH-TRA vector artwork created for this website,Article hero
Blog article,Regional Identity Brazil,assets/media/blog/regional-identity-brazil.svg,Original ASH-TRA vector artwork created for this website,Article hero
Blog article,Respectful Cultural Adaptation Brazil,assets/media/blog/respectful-cultural-adaptation-brazil.svg,Original ASH-TRA vector artwork created for this website,Article hero
Blog article,Rivers Coastlines Geography Brazil,assets/media/blog/rivers-coastlines-geography-brazil.svg,Original ASH-TRA vector artwork created for this website,Article hero
Blog article,Student Introduction History Brazil,assets/media/blog/student-introduction-history-brazil.svg,Original ASH-TRA vector artwork created for this website,Article hero
Blog article,Studying Portuguese Southern Brazil,assets/media/blog/studying-portuguese-southern-brazil.svg,Original ASH-TRA vector artwork created for this website,Article hero
Blog article,Understanding Brazil Cultural Diversity,assets/media/blog/understanding-brazil-cultural-diversity.svg,Original ASH-TRA vector artwork created for this website,Article hero
Blog article,Why Study Live Londrina Brazil,assets/media/blog/why-study-live-londrina-brazil.svg,Original ASH-TRA vector artwork created for this website,Article hero
Blog article,Why Study Portuguese In Brazil,assets/media/blog/why-study-portuguese-in-brazil.svg,Original ASH-TRA vector artwork created for this website,Article hero
Blog article,Year In Brazil Worldview,assets/media/blog/year-in-brazil-worldview.svg,Original ASH-TRA vector artwork created for this website,Article hero
